id;d_type;date_created;date_updated
1;mobile Fish;2019-12-05T17:38:41;2019-12-05T21:59:22
2;Table Computer;2019-12-06T10:57:47;2019-12-06T01:20:07
3;seamless Metal deposit;2019-12-06T11:00:11;2019-12-05T13:04:46
4;parsing red Chips;2019-12-06T07:57:19;2019-12-05T21:32:15
5;Home Loan Account;2019-12-06T12:11:15;2019-12-06T01:59:26
6;intangible;2019-12-05T21:40:22;2019-12-06T02:45:38
7;Gorgeous Frozen Pants;2019-12-06T06:46:14;2019-12-06T01:24:41
8;bluetooth;2019-12-06T07:33:54;2019-12-06T03:10:41
9;Planner Canyon;2019-12-05T15:43:07;2019-12-05T21:46:34
10;Table Small Frozen Sausages Planner;2019-12-05T16:57:21;2019-12-06T03:06:26
